{
  "lattice": "3x3x3",
  "dimension": "3D",
  "n_sites": 27,
  "d": 134217728,
  "k": 2,
  "num_paulis": 567,
  "seed": 42,
  "lanczos_m": 15,
  "num_samples": 4,
  "times": [
    0.0,
    1.0,
    2.0,
    3.0,
    4.0,
    5.0,
    6.0,
    7.0,
    8.0,
    9.0,
    10.0,
    11.0,
    12.0,
    13.0,
    14.0,
    15.0,
    16.0,
    17.0,
    18.0,
    19.0,
    20.0
  ],
  "norm_cp": [
    134217728.0,
    23498963.085248332,
    205740.61995175993,
    1351.4919783139844,
    114.34377522789609,
    39.880568774574684,
    19.379590824641127,
    11.127149278024776,
    7.146619692743576,
    4.995664140782948,
    3.784117494642755,
    3.103768646152937,
    2.727047610040966,
    2.50763004980306,
    2.3686382819947673,
    2.2789069385444565,
    2.220765753850352,
    2.181956002586591,
    2.154657073429483,
    2.1349193351637368,
    2.120373961916143
  ],
  "norm_cp_err": [
    0.0,
    1832184.7884831,
    55858.48057861613,
    331.7837130169918,
    21.625979909954403,
    5.847535902619194,
    2.261264778786487,
    1.3804025470002923,
    0.8564238432199434,
    0.5433452463084228,
    0.35668761105854696,
    0.23322075529390818,
    0.154736703417862,
    0.11025398153081506,
    0.08264747140378778,
    0.0650557544494985,
    0.05375159535168261,
    0.04612924175611715,
    0.040681434336574195,
    0.037295989374638995,
    0.03519285340692212
  ],
  "histogram": {
    "scaled_edges": [
      0.0,
      0.08,
      0.16,
      0.24,
      0.32,
      0.4,
      0.48,
      0.56,
      0.64,
      0.72,
      0.8,
      0.88,
      0.96,
      1.04,
      1.12,
      1.2,
      1.28,
      1.36,
      1.44,
      1.52,
      1.6,
      1.68,
      1.76,
      1.84,
      1.92,
      2.0,
      2.08,
      2.16,
      2.24,
      2.32,
      2.4,
      2.48,
      2.56,
      2.64,
      2.72,
      2.8000000000000003,
      2.88,
      2.96,
      3.04,
      3.12,
      3.2,
      3.2800000000000002,
      3.36,
      3.44,
      3.52,
      3.6,
      3.68,
      3.7600000000000002,
      3.84,
      3.92,
      4.0,
      4.08,
      4.16,
      4.24,
      4.32,
      4.4,
      4.48,
      4.5600000000000005,
      4.64,
      4.72,
      4.8,
      4.88,
      4.96,
      5.04,
      5.12,
      5.2,
      5.28,
      5.36,
      5.44,
      5.5200000000000005,
      5.6000000000000005,
      5.68,
      5.76,
      5.84,
      5.92,
      6.0,
      6.08,
      6.16,
      6.24,
      6.32,
      6.4,
      6.48,
      6.5600000000000005,
      6.640000000000001,
      6.72,
      6.8,
      6.88,
      6.96,
      7.04,
      7.12,
      7.2,
      7.28,
      7.36,
      7.44,
      7.5200000000000005,
      7.6000000000000005,
      7.68,
      7.76,
      7.84,
      7.92,
      8.0
    ],
    "snapshots": {
      "5": {
        "time": 5.0,
        "counts": [
          226676888,
          68973204,
          39987772,
          27188568,
          20064931,
          15585687,
          12539553,
          10346413,
          8717148,
          7467329,
          6473924,
          5673066,
          5023341,
          4484416,
          4020875,
          3633860,
          3300135,
          3012458,
          2764079,
          2538756,
          2346321,
          2175390,
          2021226,
          1884130,
          1759559,
          1648927,
          1545983,
          1454155,
          1369131,
          1292016,
          1221808,
          1157787,
          1094577,
          1039679,
          989328,
          940748,
          896671,
          856028,
          816527,
          783368,
          748128,
          719083,
          685882,
          659412,
          632058,
          608272,
          585119,
          562473,
          542290,
          521884,
          504571,
          487333,
          468869,
          452972,
          437302,
          423466,
          408904,
          396590,
          383225,
          372564,
          359965,
          350064,
          339281,
          330033,
          319962,
          311412,
          303099,
          294154,
          285631,
          278058,
          270997,
          263661,
          255919,
          249639,
          243047,
          236522,
          230009,
          226130,
          219708,
          214660,
          210290,
          205029,
          199992,
          195323,
          190806,
          186885,
          182169,
          177829,
          173939,
          170971,
          166816,
          162428,
          159996,
          156978,
          153132,
          150155,
          147620,
          143759,
          140879,
          137893
        ],
        "overflow": 11509913,
        "total": 536870912
      },
      "10": {
        "time": 10.0,
        "counts": [
          65038416,
          53606331,
          44893719,
          38083061,
          32657400,
          28235718,
          24613367,
          21596940,
          19054855,
          16892256,
          15051913,
          13467965,
          12101630,
          10904344,
          9868966,
          8937798,
          8135437,
          7414055,
          6780353,
          6206429,
          5694940,
          5238131,
          4829766,
          4452665,
          4118054,
          3818264,
          3540457,
          3289212,
          3059514,
          2852881,
          2658063,
          2480812,
          2321640,
          2173897,
          2036978,
          1912829,
          1795543,
          1685667,
          1586698,
          1495867,
          1407744,
          1329828,
          1257003,
          1186102,
          1123345,
          1060082,
          1006037,
          953274,
          902215,
          858977,
          814013,
          776081,
          735805,
          700696,
          668003,
          637022,
          605703,
          576309,
          551181,
          526694,
          502950,
          479358,
          459432,
          439754,
          419851,
          402430,
          384949,
          369814,
          353211,
          339231,
          325135,
          312895,
          300289,
          288399,
          277293,
          266168,
          257264,
          247015,
          236373,
          228002,
          220034,
          211999,
          204051,
          196991,
          190348,
          183277,
          176600,
          170815,
          164781,
          159565,
          153205,
          148869,
          143880,
          138851,
          134213,
          130000,
          125671,
          120970,
          117657,
          113475
        ],
        "overflow": 4516902,
        "total": 536870912
      },
      "15": {
        "time": 15.0,