{
  "lattice": "5x5",
  "n_sites": 25,
  "d": 33554432,
  "k": 2,
  "num_paulis": 435,
  "seed": 42,
  "lanczos_m": 40,
  "num_samples": 5,
  "times": [
    0.0,
    1.0,
    2.0,
    3.0,
    4.0,
    5.0,
    6.0,
    7.0,
    8.0,
    9.0,
    10.0,
    11.0,
    12.0,
    13.0,
    14.0,
    15.0,
    16.0,
    17.0,
    18.0,
    19.0,
    20.0
  ],
  "norm_cp": [
    33554432.0,
    5925836.254740282,
    55852.259225336646,
    727.6998516433556,
    120.37647896171055,
    53.1640909303929,
    28.710069032747022,
    18.182434200172384,
    11.333618327667676,
    7.080254976241173,
    4.918728065194107,
    3.9312632364981264,
    3.470079450725977,
    3.1577578452874366,
    2.8482877208797626,
    2.5979432850634163,
    2.4333279533331384,
    2.326122567561945,
    2.250778201803248,
    2.1987876201536123,
    2.1633215767439955
  ],
  "norm_cp_err": [
    0.0,
    409194.6701734723,
    12234.795641700435,
    105.95388278478563,
    16.118682416963875,
    9.348774870052242,
    4.6090783820396855,
    3.391642191004558,
    1.823733917533518,
    0.7654172487705084,
    0.3204341553792102,
    0.21176373105883717,
    0.22336027436994596,
    0.2206254721587415,
    0.17738850251802593,
    0.13116088561371717,
    0.09731252813164984,
    0.07678962102187441,
    0.06655309763455879,
    0.058674877983723984,
    0.050839571647684344
  ],
  "total_seconds": 26614.270185232162
}