{
  "lattice": "5x5",
  "n_sites": 25,
  "d": 33554432,
  "k": 2,
  "num_paulis": 435,
  "seed": 42,
  "lanczos_m": 15,
  "num_samples": 5,
  "times": [
    0.0,
    1.0,
    2.0,
    3.0,
    4.0,
    5.0,
    6.0,
    7.0,
    8.0,
    9.0,
    10.0,
    11.0,
    12.0,
    13.0,
    14.0,
    15.0,
    16.0,
    17.0,
    18.0,
    19.0,
    20.0
  ],
  "norm_cp": [
    33554432.0,
    5925836.254740026,
    55852.25922538346,
    727.6998515778212,
    120.37647895621285,
    53.16409093031602,
    28.71006903391383,
    18.182434199225064,
    11.333618326912738,
    7.080254975997725,
    4.918728065183178,
    3.9312632363228524,
    3.4700794505183126,
    3.157757845301044,
    2.848287720884224,
    2.597943285008067,
    2.4333279534477543,
    2.326122567523138,
    2.250778201759959,
    2.198787620038734,
    2.163321576731006
  ],
  "norm_cp_err": [
    0.0,
    409194.67017344973,
    12234.795641693718,
    105.95388276547845,
    16.11868241064338,
    9.348774870272871,
    4.609078382222344,
    3.3916421908699275,
    1.823733917626168,
    0.7654172488730415,
    0.3204341553807041,
    0.211763731088742,
    0.2233602743145543,
    0.22062547215230616,
    0.1773885025163286,
    0.1311608855796575,
    0.09731252814165037,
    0.07678962099008112,
    0.06655309762505555,
    0.058674877983013206,
    0.0508395716710456
  ],
  "histogram": {
    "scaled_edges": [
      0.0,
      0.08,
      0.16,
      0.24,
      0.32,
      0.4,
      0.48,
      0.56,
      0.64,
      0.72,
      0.8,
      0.88,
      0.96,
      1.04,
      1.12,
      1.2,
      1.28,
      1.36,
      1.44,
      1.52,
      1.6,
      1.68,
      1.76,
      1.84,
      1.92,
      2.0,
      2.08,
      2.16,
      2.24,
      2.32,
      2.4,
      2.48,
      2.56,
      2.64,
      2.72,
      2.8000000000000003,
      2.88,
      2.96,
      3.04,
      3.12,
      3.2,
      3.2800000000000002,
      3.36,
      3.44,
      3.52,
      3.6,
      3.68,
      3.7600000000000002,
      3.84,
      3.92,
      4.0,
      4.08,
      4.16,
      4.24,
      4.32,
      4.4,
      4.48,
      4.5600000000000005,
      4.64,
      4.72,
      4.8,
      4.88,
      4.96,
      5.04,
      5.12,
      5.2,
      5.28,
      5.36,
      5.44,
      5.5200000000000005,
      5.6000000000000005,
      5.68,
      5.76,
      5.84,
      5.92,
      6.0,
      6.08,
      6.16,
      6.24,
      6.32,
      6.4,
      6.48,
      6.5600000000000005,
      6.640000000000001,
      6.72,
      6.8,
      6.88,
      6.96,
      7.04,
      7.12,
      7.2,
      7.28,
      7.36,
      7.44,
      7.5200000000000005,
      7.6000000000000005,
      7.68,
      7.76,
      7.84,
      7.92,
      8.0
    ],
    "snapshots": {
      "5": {
        "time": 5.0,
        "counts": [
          83118485,
          19090925,
          10732771,
          7219422,
          5305136,
          4112107,
          3309558,
          2738137,
          2307416,
          1980653,
          1720396,
          1513220,
          1340478,
          1200354,
          1080256,
          977502,
          889274,
          814601,
          749265,
          691163,
          638955,
          594001,
          552459,
          514643,
          482459,
          454368,
          426722,
          401687,
          377694,
          357792,
          338297,
          321529,
          305337,
          289448,
          276613,
          263221,
          252385,
          240445,
          229623,
          219653,
          211352,
          202849,
          194490,
          186824,
          179954,
          171715,
          166059,
          160382,
          153675,
          148895,
          143842,
          139023,
          133860,
          130140,
          125673,
          121574,
          118134,
          114579,
          111276,
          107447,
          103985,
          101568,
          98594,
          95726,
          92664,
          90329,
          87932,
          85477,
          82893,
          81221,
          78584,
          77104,
          74482,
          73414,
          71279,
          69958,
          67824,
          65958,
          64959,
          63617,
          61643,
          60237,
          58843,
          57491,
          56808,
          55349,
          53893,
          52869,
          51477,
          50810,
          49792,
          48469,
          47546,
          46899,
          45642,
          44396,
          43834,
          42836,
          42591,
          41373
        ],
        "overflow": 3681601,
        "total": 167772160
      },
      "10": {
        "time": 10.0,
        "counts": [
          26235591,
          19231160,
          14928381,
          11996918,
          9874203,
          8286526,
          7053959,
          6078494,
          5281333,
          4628658,
          4086884,
          3627557,
          3242914,
          2913183,
          2628179,
          2377244,
          2163422,
          1972657,
          1804185,
          1655124,
          1520880,
          1407412,
          1299270,
          1198548,
          1112075,
          1034798,
          964256,
          898798,
          840223,
          786437,
          738153,
          691712,
          650516,
          612245,
          574242,
          542958,
          513223,
          484633,
          457076,
          432490,
          410875,
          388896,
          370194,
          352331,
          334943,
          318522,
          303038,
          288264,
          276453,
          263386,
          251579,
          240106,
          229552,
          219353,
          209511,
          199740,
          192750,
          184951,
          177170,
          169850,
          162774,
          157271,
          150746,
          144726,
          139294,
          133650,
          129289,
          124204,
          119253,
          115529,
          111938,
          107636,
          104074,
          99970,
          96243,
          93347,
          89942,
          86820,
          84028,
          81588,
          78627,
          75725,
          73698,
          71366,
          69622,
          67369,
          65156,
          63313,
          61249,
          58761,
          57854,
          55889,
          53792,
          52747,
          51033,
          49595,
          47680,
          46215,
          45355,
          44253
        ],
        "overflow": 2042558,
        "total": 167772160
      },
      "15": {
        "time": 15.0,